{"train/loss": 0.5198, "train/learning_rate": 4.0816326530612243e-07, "train/epoch": 2.0, "train/global_step": 2450, "_timestamp": 1706666017.6047132, "_runtime": 551.330940246582, "_step": 12, "eval/loss": 0.7296797037124634, "eval/f1": 0.8513883821013414, "eval/runtime": 23.7195, "eval/samples_per_second": 88.535, "eval/steps_per_second": 22.134, "train/train_runtime": 553.2929, "train/train_samples_per_second": 17.712, "train/train_steps_per_second": 4.428, "train/total_flos": 2578604098560000.0, "train/train_loss": 0.6400749872168716, "_wandb": {"runtime": 555}}