{"train/loss": 0.2288, "train/learning_rate": 1.1670480549199085e-06, "train/epoch": 2.0, "train/global_step": 874, "_timestamp": 1706604144.6320038, "_runtime": 80329.39440488815, "_step": 63, "eval/loss": 0.28040435910224915, "eval/f1": 0.9030912007789956, "eval/runtime": 59.4962, "eval/samples_per_second": 100.595, "eval/steps_per_second": 3.16, "train/train_runtime": 954.4147, "train/train_samples_per_second": 29.26, "train/train_steps_per_second": 0.916, "train/total_flos": 7541627619686400.0, "train/train_loss": 0.34701934831911696}